plot_id,crop,soil_texture,soil_N,soil_P,soil_K,organic_C,pH,ec,season_rain,gdd,seed_rate,fert_type,fert_dose,applied_N,applied_P,applied_K,yield_kg_ha,price_per_ton,fert_cost_per_ha
0,wheat,clay,324.83570765056163,33.893885590630525,245.9075415240277,1.1046059712816052,6.382923312638332,0.37658630430508194,507.92128155073914,1553.4869458305818,100,Urea,82,37.72,0.0,0.0,1100.2332665110082,18000,24.599999999999998
1,maize,clay,301.11109133059915,31.57765669117324,198.7273035912709,0.77650489964573,6.611039450782371,0.3232023498056923,364.24646023866546,1793.0695631544802,80,Urea,95,43.7,0.0,0.0,1490.3443835464677,16000,28.5
2,wheat,sandy,169.98730749470442,27.57951856837311,161.6413600504873,0.6728880519450722,5.989223902662201,0.38382446136024795,296.6351196157513,1398.8944275359747,100,NPK_20_20_0,81,16.2,16.2,0.0,528.057939985155,18000,32.4
3,rice,sandy,177.66292645134268,32.19393306284165,162.9199918911319,0.5213166118254593,5.410832876588145,0.2956103591765165,617.2693706525512,1464.8397535105464,120,NPK_20_20_0,96,19.200000000000003,19.200000000000003,0.0,1319.202267792281,20000,38.400000000000006
4,wheat,clay,226.07390048162864,29.24124633284233,201.5744491616085,1.0114244452437833,6.6718091447842305,0.22369598446372663,382.40839693947953,1322.9835439167366,80,NPK_20_20_0,92,18.400000000000002,18.400000000000002,0.0,694.9864388867138,18000,36.800000000000004
5,wheat,loam,171.84666027067436,23.634952062903896,237.22337603084407,0.9355534819346684,6.849220129605481,0.41736020636648047,416.2284513619062,1448.2244325174258,80,Urea,76,34.96,0.0,0.0,799.3130592437078,18000,22.8
6,wheat,sandy,191.11339393646725,16.716933530509596,197.18865378802803,0.6203584121088643,6.917397709615214,0.4296561384328971,246.2170123484518,1384.8392509943628,100,Urea,104,47.84,0.0,0.0,459.70386078264227,18000,31.2
7,rice,clay,261.0149059670061,28.248829117248594,213.97864566960868,0.6068884656210051,6.575244539055297,0.38865787486536063,863.3528220612124,1194.9818222378271,100,Urea,93,42.78,0.0,0.0,1326.545616974341,20000,27.9
8,wheat,clay,229.0701768492221,36.52269587972134,225.43015317905946,0.9216179324001923,6.852490655666361,0.43609233775911355,203.3032114820474,1578.5258943012325,80,NPK_20_20_0,96,19.200000000000003,19.200000000000003,0.0,542.6224248187294,18000,38.400000000000006
9,rice,clay,368.59310667748883,36.40442635163866,207.62845814221689,0.9346251005547951,6.371684908653723,0.3632174275867239,727.3733620139556,1341.609465834876,80,NPK_20_20_0,62,12.4,12.4,0.0,1609.1680560309717,20000,24.8
10,wheat,loam,184.50246563937628,53.54930733185027,156.14936818874577,0.9829768643852025,6.166969689884786,0.3486212508491754,380.13228009496345,1108.2966158026484,80,DAP,97,17.46,44.620000000000005,0.0,628.3805649213086,18000,43.65
11,maize,clay,340.89367561082827,26.5631642442653,189.66691517927032,0.8914831297438286,6.467810974599517,0.43449023350447286,341.9912664647511,1751.7239736711574,80,Urea,80,36.800000000000004,0.0,0.0,1378.4329784488737,16000,24.0
12,rice,sandy,216.99104820933218,19.940958800443415,180.69187354825615,0.5700414845011283,6.112331947021528,0.4773140855889249,519.8172156650306,1676.8031437865357,100,DAP,102,18.36,46.92,0.0,1738.480264088371,20000,45.9
13,maize,loam,200.4731837434656,25.469618163177824,203.98605460350564,0.6993048691767602,5.724668284466934,0.40685629748060276,243.76962862738952,1894.7184861270364,80,Urea,112,51.52,0.0,0.0,778.2815011795659,16000,33.6
14,maize,sandy,224.09895695014472,27.411650868962578,116.49674432947543,0.9354372131164199,7.436159558660361,0.4396373940064442,287.43837047670684,1695.5077040934834,80,Urea,77,35.42,0.0,0.0,1017.7846356804948,16000,23.099999999999998
15,maize,sandy,250.02428038810524,21.219366898074075,125.94411017713094,0.6306771286270407,6.908076361440686,0.4471707291526979,321.45106990136696,2013.05849376919,80,Urea,89,40.940000000000005,0.0,0.0,1188.7429335264458,16000,26.7
16,maize,loam,264.65362366493406,24.285188655789057,274.63098044579027,0.8947665841823575,5.904348251398676,0.465655360863383,252.53183297726787,1957.4169207484904,80,NPK_20_20_0,91,18.2,18.2,0.0,1059.8822266191405,16000,36.4
17,wheat,loam,293.3614749488222,37.66731068970639,216.72474087822346,0.42269439084287236,7.63667257900874,0.41469746504572164,403.96092015836655,1100.3408725256138,100,NPK_20_20_0,97,19.400000000000002,19.400000000000002,0.0,669.2959066575079,18000,38.800000000000004
18,rice,loam,310.4690985343317,34.30368002953597,309.3768863624697,0.8187530860303894,5.796797366409225,0.3965470343905192,503.69843739338734,1595.4360001626146,120,Urea,82,37.72,0.0,0.0,1568.1726065293092,20000,24.599999999999998
19,wheat,loam,280.34878547843124,27.20879053781799,224.24517452396339,0.4111540812500801,6.668199381893126,0.40506298109151667,328.2543023095976,1304.9485303199049,120,NPK_20_20_0,84,16.8,16.8,0.0,556.507485665152,18000,33.6
20,rice,loam,182.92982510269178,17.026443032452136,154.091201087,1.0779205656293183,6.072379740560095,0.29729382410644034,688.283766050939,1310.1391227808435,80,NPK_20_20_0,83,16.6,16.6,0.0,1278.426388583814,20000,33.2
21,rice,loam,295.25609799782796,25.16876502012377,212.1779647948341,0.8514414981960214,6.511965907232918,0.4871913988812393,743.7356328333527,1401.4612745481265,80,Urea,82,37.72,0.0,0.0,1470.649003377188,20000,24.599999999999998
22,wheat,clay,303.41756255519147,31.724729355427538,295.58190624506335,0.6648390531557207,6.043293731338792,0.3544966826012434,308.72383868098933,1519.1287303608642,100,Urea,76,34.96,0.0,0.0,808.7097316614487,18000,22.8
23,wheat,clay,303.21400095477316,26.378041776565553,191.38785162960127,0.9359195497869353,6.134816684141431,0.4216458589581975,354.55718399038136,1269.6799304788365,120,DAP,72,12.959999999999999,33.120000000000005,0.0,712.168982855297,18000,32.4
24,wheat,sandy,134.60428501653126,4.075203603381089,115.69804457355598,0.9680010753244859,7.3906455385131835,0.33225843322852433,200.0,1331.3741871791804,100,Urea,118,54.28,0.0,0.0,271.46173728085284,18000,35.4
25,maize,loam,268.86481327302045,43.21080789183592,146.92672935456412,1.1687431595503692,6.134629298385173,0.272008026673687,326.2608038793331,2174.401136094461,100,DAP,108,19.439999999999998,49.68,0.0,1646.030684614249,16000,48.6
26,maize,clay,275.9375933088247,18.249647967719497,203.19810141489936,0.8278408221913632,6.500906805597338,0.4755935281791653,543.3542629429992,1882.7749674501615,120,Urea,114,52.440000000000005,0.0,0.0,1954.6141923150744,16000,34.199999999999996
27,maize,loam,287.4552838482162,44.471654632161304,209.079372048774,0.7458075475664523,6.723144674000959,0.5136242317119263,400.1426757026082,2012.1277157642821,120,Urea,99,45.54,0.0,0.0,1709.8436879407677,16000,29.7
28,maize,clay,289.5938874821362,31.055992522729337,196.42540972223154,0.969920419404205,6.678507742982523,0.33070904047393457,439.95998754332504,1861.4599041753218,80,NPK_20_20_0,85,17.0,17.0,0.0,1970.096870967294,16000,34.0
29,rice,clay,327.5868505232537,29.31897633658013,148.49313552272872,0.5558859791436291,6.165398635909393,0.5161937317746775,755.2859775839325,1312.0964249051447,80,Urea,71,32.660000000000004,0.0,0.0,1315.964467235431,20000,21.3
30,rice,clay,283.70134295092555,61.03188100870085,158.20004205612008,0.6314529807026156,6.696020944866298,0.3875474752406316,579.9795104268931,1804.9441996002015,100,Urea,73,33.58,0.0,0.0,2271.5129695573346,20000,21.9
31,rice,clay,249.6991309250149,25.286491097698143,266.32443494000273,0.9583325387925872,6.812059908526077,0.462834550926428,598.7753227153086,1220.5491257028336,120,Urea,94,43.24,0.0,0.0,1339.1606139465746,20000,28.2
32,maize,sandy,244.44921471385766,23.968513865807,152.22288627775868,0.8120465842978185,5.780269201683135,0.36165124738052384,438.62019661293755,1753.259364137199,100,DAP,117,21.06,53.82,0.0,1695.9075276319322,16000,52.65
33,rice,loam,216.78862783477888,40.88089092998537,118.51696260111444,1.1140064561085345,6.348837878961846,0.3995437171009704,531.7657398879846,1390.3609028928374,80,NPK_20_20_0,102,20.400000000000002,20.400000000000002,0.0,1306.9216603560956,20000,40.800000000000004
34,wheat,clay,244.78891057264335,41.092574730380775,198.0296727383572,0.3081613275842903,6.528706473878185,0.3155892267591254,485.88166333327285,1342.730696766816,80,NPK_20_20_0,91,18.2,18.2,0.0,997.5142430561489,18000,36.4
35,wheat,loam,273.6813693863782,30.43480462350857,291.0304519026881,0.8812453370099858,6.284028899195814,0.585996700648693,470.04115484133985,1763.217558048763,120,Urea,120,55.2,0.0,0.0,1100.6821230173975,18000,36.0
36,maize,sandy,158.0139078909612,15.204858836447823,65.04417102760772,0.6948489956638478,6.120433669223151,0.4150393786476208,384.17559757771596,2175.234167843177,80,DAP,136,24.48,62.56,0.0,1150.064610715054,16000,61.2
37,wheat,loam,217.68502503496256,26.771560345224714,267.38739858422485,0.45393693791516443,6.571025045958784,0.5037158464944625,319.02568965173947,1166.036593565798,100,Urea,98,45.080000000000005,0.0,0.0,484.3002390405651,18000,29.4
38,rice,clay,317.04610992794767,34.30869194534709,231.0254063154963,0.8557446069941322,5.273867699342134,0.3098706181335332,589.1371335911144,1388.9030083404652,100,DAP,87,15.66,40.02,0.0,1809.4270733592205,20000,39.15
39,rice,sandy,215.97687894343574,21.546224494795087,213.84571775606534,0.9202107888423073,6.177862409916026,0.5355970385308192,526.0381230570648,1270.150544333258,80,DAP,95,17.099999999999998,43.7,0.0,1200.7981334796953,20000,42.75
40,rice,loam,285.5807439044445,21.002863265297044,138.6354331705751,1.0555353643797019,6.666157005989795,0.32515134634434467,755.1151975522523,1423.1349268585718,120,DAP,99,17.82,45.54,0.0,1587.439757662683,20000,44.550000000000004
41,maize,sandy,220.68563999760372,30.73670803444732,45.64847961262498,0.6689829432351844,6.796871087920606,0.5212815073682686,370.31135479465064,1809.914545859881,100,Urea,77,35.42,0.0,0.0,1393.236090289487,16000,23.099999999999998
42,rice,sandy,244.30317801230765,18.903377431665177,158.0053767669369,0.365826834373918,6.256642751978625,0.5334445640864136,698.1547376730081,1466.1401114127864,80,NPK_20_20_0,87,17.400000000000002,17.400000000000002,0.0,1608.4932709254667,20000,34.800000000000004
43,maize,clay,323.036853378196,39.6888448377872,159.07356518112957,1.0411830414485173,6.687794033995822,0.26284106202768764,398.50941116132753,1387.4948652176502,120,NPK_20_20_0,96,19.200000000000003,19.200000000000003,0.0,1284.8773237844077,16000,38.400000000000006
44,maize,clay,274.30665413316535,26.52629182488839,217.49283610907312,0.9910284641002477,6.0071369768322285,0.45040465155178444,296.9742381627559,1641.4254335475312,80,NPK_20_20_0,97,19.400000000000002,19.400000000000002,0.0,1160.5678438295336,16000,38.800000000000004
45,maize,loam,142.70716200750292,34.103530006331965,151.26041434853659,0.5679349949461389,6.479186982856538,0.3099884341926087,362.2505498339519,2194.6921783205116,120,Urea,125,57.5,0.0,0.0,1200.66414491896,16000,37.5
46,rice,sandy,163.17939138711768,24.63603521239883,128.10880654649915,0.5543891961752752,7.687070871700298,0.36892757353828065,537.3475817311456,961.5739887516042,80,DAP,106,19.08,48.760000000000005,0.0,746.7774653838266,20000,47.7
47,wheat,sandy,223.5913495633198,25.208520453362432,103.2092626469964,0.4681816823224687,6.646833011804733,0.35112301765444676,375.9921469135729,1141.792785820377,80,Urea,83,38.18,0.0,0.0,470.9821605774228,18000,24.9
48,rice,sandy,284.3570817536282,27.053118055595604,149.68109434733532,1.0959888277780052,6.538684153823809,0.3138715798671736,752.3124077269657,1507.7820087369316,80,Urea,55,25.3,0.0,0.0,1744.4275295956593,20000,16.5
49,maize,clay,335.57271325974136,32.68497642293847,163.3918992192994,0.9190802271420847,5.460436138512752,0.397852503762534,288.29095917131247,1548.231591689561,100,NPK_20_20_0,80,16.0,16.0,0.0,1077.8577601926395,16000,32.0
50,maize,sandy,202.42608139724135,13.352399068711698,160.81827303119354,0.7899523781101726,6.380525976566795,0.30924363379584024,292.32286694316673,1951.0782451651512,100,DAP,113,20.34,51.980000000000004,0.0,1193.530072010846,16000,50.85
51,maize,clay,402.16602448411527,47.95689724349849,257.320485615534,0.6476530168544361,6.217721498365212,0.2997953276371266,377.9757349786709,1251.8090311080596,80,NPK_20_20_0,109,21.8,21.8,0.0,1416.3695729662388,16000,43.6
52,rice,loam,239.32636815463331,31.10806369910754,230.57008794436092,0.80215963296194,6.94096495519162,0.2315127861032261,525.203001017351,972.239937038137,80,Urea,106,48.760000000000005,0.0,0.0,829.7757629559078,20000,31.799999999999997
53,rice,clay,341.7846056032571,25.962345162739055,241.1921671166113,1.0883137241315801,5.264177749936355,0.32031047445295235,657.707212718054,1359.3909227914014,100,Urea,70,32.2,0.0,0.0,1648.0823729506565,20000,21.0
54,rice,clay,274.5797022553124,25.065275866355734,227.34047292350942,0.8706315246445332,6.765958446109423,0.46963511266524877,651.612472857769,1495.0987282898348,80,DAP,95,17.099999999999998,43.7,0.0,1841.4923904534633,20000,42.75
55,maize,clay,189.59467241630614,37.88622739738743,209.19186725289848,0.9895233875322819,6.374938699462744,0.53010524331623,282.3586979515961,1353.934018474822,100,Urea,72,33.120000000000005,0.0,0.0,982.3370276152888,16000,21.599999999999998
56,maize,loam,156.95450595726766,37.97552054622722,227.47327162170583,0.33208139949702276,5.355469371533501,0.5432481917452506,471.4722059686548,1623.8272711023478,100,Urea,116,53.36,0.0,0.0,1499.059747850415,16000,34.8
57,wheat,loam,281.63909330531425,48.16554286243517,207.2746502023398,0.8496441172600673,6.270319550229878,0.31501556305352085,433.03358165442455,1228.7832348182264,100,NPK_20_20_0,96,19.200000000000003,19.200000000000003,0.0,763.9434711615445,18000,38.400000000000006
58,maize,clay,382.1048085553722,34.68950173823979,223.4814091258669,0.6105317240115752,6.110286902061233,0.1803485399167991,355.5155876418612,2301.1378419283947,80,NPK_20_20_0,45,9.0,9.0,0.0,1638.842229603572,16000,18.0
59,rice,sandy,266.52192816345416,35.994537649998435,178.72394193006735,1.1135188841757937,5.911107229253823,0.3319738412806092,432.054071799821,1278.9873848016193,120,Urea,92,42.32,0.0,0.0,916.2618031300269,20000,27.599999999999998
60,maize,clay,422.2875989808413,36.03376945580182,224.3757917841957,0.9451533247797385,6.740504615868357,0.42238840242791315,270.9525544554688,1894.2936714271991,120,NPK_20_20_0,59,11.8,11.8,0.0,1617.4693136756803,16000,23.6
61,rice,clay,309.19416759525785,35.80076354063759,216.3908934377516,0.9562146535232906,7.769345550868743,0.4523952667107794,541.1913173685447,1373.3198284216912,80,Urea,92,42.32,0.0,0.0,1276.190383820301,20000,27.599999999999998
62,maize,sandy,154.23793100018173,21.96882945832146,192.07133868063602,0.7505264498279791,6.46726132312127,0.48074173610828014,434.0527250251556,1792.3016559960517,120,Urea,118,54.28,0.0,0.0,1206.762138549664,16000,35.4
63,rice,clay,351.9413072555964,29.414271773477182,183.72386023432983,0.6558735529393633,6.539204461253038,0.25152984284829283,596.2964086280882,1485.8896490767338,100,Urea,79,36.34,0.0,0.0,1632.6058034832827,20000,23.7
64,maize,clay,271.08430385363494,27.71553724208096,185.16541409414685,0.4776077640699831,7.1748523136553475,0.3670382658193592,305.19728601997696,1375.1803851339653,80,DAP,96,17.28,44.160000000000004,0.0,1037.0649136799811,16000,43.2
65,wheat,sandy,164.3577108661418,20.851441821535175,139.80091130316578,1.1007985977165378,5.1745150958034944,0.5091506851922463,474.60851924976294,985.32195351837,120,DAP,95,17.099999999999998,43.7,0.0,531.2798564652064,18000,42.75
66,wheat,loam,255.48663195938965,28.52851075672817,220.55181654322445,0.7411266677963388,7.207481845748331,0.4125046031166447,324.3182972074268,1604.857316355878,80,Urea,78,35.88,0.0,0.0,703.9081137890653,18000,23.4
67,rice,sandy,204.93728888186672,18.957238832102334,170.0191007768253,0.5893482558710008,6.324659236060606,0.37707839484464084,681.3863908123606,1211.9172450864196,100,Urea,89,40.940000000000005,0.0,0.0,1172.694253605436,20000,26.7
68,rice,sandy,145.94683362000512,24.92748485555411,173.72405031873535,0.738090712137202,6.663066511121059,0.2748886423614697,692.4027019206901,1363.0195727114021,120,DAP,80,14.399999999999999,36.800000000000004,0.0,1419.1429697530718,20000,36.0
69,rice,sandy,177.0744076236762,28.708322220980357,197.40841166043558,0.6659921612889307,6.974858040297969,0.3639012520744102,564.4967672353275,1451.4946469165316,100,Urea,113,51.980000000000004,0.0,0.0,1224.1007858414898,20000,33.9
70,rice,sandy,183.21424635567146,30.76835365971774,236.20958153732292,0.9344514568827544,6.188572748449358,0.35818569659907284,471.15526202426753,1420.1634844508105,120,DAP,112,20.16,51.52,0.0,1287.6305013357387,20000,50.4
71,wheat,clay,367.33729893204975,36.01434527744376,189.6144247808711,0.7993298260682054,6.465509669827104,0.14217845703375082,293.86331409043413,1462.8407465900902,100,DAP,79,14.219999999999999,36.34,0.0,790.5065442877367,18000,35.550000000000004
72,rice,clay,383.27372222312886,43.11496052014505,146.3650307467342,0.5440846066528597,6.18759071115216,0.4026091050210834,651.7659020469123,1254.851237369307,120,DAP,76,13.68,34.96,0.0,1494.7194203167614,20000,34.2
73,rice,sandy,241.22076941287304,19.003089749252243,179.921389038469,1.100194326112858,6.436152074694614,0.45551452887111216,424.5213159424766,1375.2212042518881,120,NPK_20_20_0,100,20.0,20.0,0.0,864.355000708264,20000,40.0
74,wheat,clay,299.73317645816684,29.72984939374915,152.4177109568692,0.9974244400257422,6.323913508200205,0.424252042561252,367.9845418728059,1333.0295455247774,80,NPK_20_20_0,95,19.0,19.0,0.0,803.2641101896585,18000,38.0
75,maize,loam,210.15242821127248,29.393833382228372,187.68857533280752,0.6682203156047595,6.831868606944011,0.5010141460428619,263.1392810734396,1808.9533734189806,120,NPK_20_20_0,117,23.400000000000002,23.400000000000002,0.0,1180.3086302021152,16000,46.800000000000004
76,maize,clay,364.31343067023005,43.4976788073097,201.85022765854234,0.9265883267586931,5.736724069151126,0.39420950926622156,431.84847346385396,1826.7695308492,100,DAP,91,16.38,41.86,0.0,2040.0485323021671,16000,40.95
77,maize,clay,290.3610106380696,33.76770627226614,274.27427096875556,0.7281125451950197,7.178316691091727,0.12875095081520266,484.78557813290365,2059.481222972525,120,Urea,82,37.72,0.0,0.0,2476.294666373711,16000,24.599999999999998
78,wheat,sandy,203.98289287637934,28.106528288442828,66.79929756612395,0.5431718231820074,7.166929809880357,0.4317815065629137,554.2396422714073,1497.0350210459178,80,Urea,108,49.68,0.0,0.0,893.4857674227385,18000,32.4
79,wheat,loam,182.52682142872385,34.68402768686863,228.53598360821783,0.8094034426247491,7.111585475295729,0.33165682098698773,299.0142422500025,903.0776841828372,80,NPK_20_20_0,74,14.8,14.8,0.0,410.471027768674,18000,29.6
80,wheat,clay,259.6984840164715,33.39366507167413,231.47895833815733,0.38295647128691224,5.569325548161588,0.3700261423390797,395.45634822996556,1548.8076541298321,80,NPK_20_20_0,88,17.6,17.6,0.0,928.2086652559424,18000,35.2
81,wheat,sandy,277.52502464070386,12.013167674089672,189.37289593906334,0.7572022311548983,6.475268145173784,0.4674819492166604,237.72779784377013,1476.4819492368101,120,Urea,103,47.38,0.0,0.0,449.26649045735314,18000,30.9
82,rice,clay,330.90702976403406,30.97036415461487,203.3653063435286,0.7791900486400727,6.757636426493383,0.5194181962551069,609.6545263538775,1100.032617735291,100,Urea,54,24.84,0.0,0.0,1148.4991148855815,20000,16.2
83,wheat,sandy,108.45923129031576,45.33897337651328,239.42698747937897,0.6668123034409208,5.377166400503082,0.31216288129072156,331.90092610602767,1047.6272515920523,120,Urea,115,52.900000000000006,0.0,0.0,513.8726933493774,18000,34.5
84,wheat,loam,207.47217706689023,30.837882389105044,130.05812060169893,0.5485319399142311,6.94205041827959,0.30493162085946734,265.9091201952145,1398.34438508999,80,NPK_20_20_0,108,21.6,21.6,0.0,530.5544219515101,18000,43.2
85,maize,sandy,293.25016169987373,26.563859506169806,194.14855477562392,0.8265132135929573,6.578680750645148,0.5731320579909177,312.17071164629704,1909.355870833048,120,NPK_20_20_0,100,20.0,20.0,0.0,1466.633832467475,16000,40.0
86,wheat,loam,275.1208316093514,36.859567453739245,240.34083299114326,1.106337760248183,6.17540433754816,0.44805621074107477,312.96766314027036,1233.2882025441465,100,NPK_20_20_0,110,22.0,22.0,0.0,645.243964679132,18000,44.0
87,rice,sandy,160.89521573637657,15.07985590928163,140.06948396859536,0.6810219405860869,6.004409845194975,0.4154407276961692,577.8802668274201,1437.9441767116116,120,NPK_20_20_0,104,20.8,20.8,0.0,1211.3106228077254,20000,41.6
88,maize,clay,295.23522338065237,37.232172206162716,244.31586038866158,0.8373218246312717,6.276783192724736,0.4194089992898308,457.3631749859772,1594.696940117788,100,Urea,91,41.86,0.0,0.0,1997.9544567134653,16000,27.3
89,maize,loam,220.67259557393285,45.28643670767028,244.14667770103222,1.1450832550110932,6.1854640139652854,0.3831444125937239,305.08361912244374,2025.3506383852405,120,Urea,101,46.46,0.0,0.0,1258.4876430979941,16000,30.299999999999997
90,wheat,sandy,204.4476136304851,29.327309722971204,128.2958063296689,0.9754203957572586,6.731861928695216,0.457781689088114,301.56908194136315,1329.0751634133012,120,NPK_20_20_0,105,21.0,21.0,0.0,545.5826978192644,18000,42.0
91,maize,loam,342.3318498023833,21.43932186939078,138.97899316301044,0.6616183860237511,6.477206991822251,0.4243339449322692,325.876394214367,1870.4110793028594,80,DAP,94,16.919999999999998,43.24,0.0,1455.7954184480996,16000,42.300000000000004
92,maize,loam,275.1211064595206,43.76664237695627,300.621848314969,0.46871725890496874,6.2905399403757265,0.35182267370151604,512.6519471699683,1303.7410026869597,120,NPK_20_20_0,82,16.400000000000002,16.400000000000002,0.0,1698.99982404478,16000,32.800000000000004
93,rice,sandy,262.46008837437665,23.93123653615598,108.77129988793908,0.7900466980701831,6.687488969169855,0.3242600483101691,464.17288032766476,1336.7804263126945,80,NPK_20_20_0,95,19.0,19.0,0.0,933.4383769818432,20000,38.0
94,wheat,clay,344.53690418874453,21.257651009906944,231.85835735994235,0.7918284132807983,6.440501012134553,0.28221033570194276,256.29779956000743,1723.7604050041195,120,Urea,54,24.84,0.0,0.0,702.8439553722866,18000,16.2
95,rice,loam,289.2900079325416,33.40366049427972,161.32095427483148,0.790457728771604,6.498198730454716,0.28416353108074577,750.339830176715,1575.4724581151343,100,DAP,86,15.479999999999999,39.56,0.0,1825.9874563244903,20000,38.7
96,wheat,sandy,176.44459138486502,28.60099420173831,175.28464405073512,0.6042466704277494,6.675945533953218,0.4132780698264156,520.169620853346,1676.6290001744549,120,Urea,126,57.96,0.0,0.0,1050.242463480847,18000,37.8
97,rice,sandy,219.66315756918388,25.451560642858286,126.82146903719719,1.017801996356955,6.557266683107732,0.49501454709988324,580.2046873431669,1663.4556453462371,120,DAP,118,21.24,54.28,0.0,1537.9452778926322,20000,53.1
98,maize,sandy,286.6107626242824,28.600662568287706,244.7423651191677,0.7151922836001002,6.323286628132002,0.197333787025666,407.1193920567962,1875.0502511237437,80,Urea,95,43.7,0.0,0.0,1987.320491388147,16000,28.5
99,maize,loam,336.3771585050356,33.49058935739226,201.520139126728,0.8240062653436523,6.8067589863652085,0.2977207434801595,324.2623462576655,1466.2831852244822,100,Urea,88,40.480000000000004,0.0,0.0,1252.74137076906,16000,26.4
100,maize,sandy,219.17720037369608,28.250719954114484,184.95132163840464,0.9536247670269433,8.052433714233361,0.4347402636642329,609.3571503858861,1882.4436804487866,100,NPK_20_20_0,102,20.400000000000002,20.400000000000002,0.0,2422.4529000650255,16000,40.800000000000004
101,wheat,sandy,118.35238597290083,15.417852603611793,182.0199296706389,0.8358549208853369,6.7664299464067295,0.2746191766206743,487.6803492878929,1555.4032191514577,120,NPK_20_20_0,98,19.6,19.6,0.0,851.6605094668442,18000,39.2
102,wheat,clay,382.9973801362644,45.20515586100619,229.2256364105746,0.3350641455027062,6.148151253983697,0.38579614732256134,260.61323504951895,1372.0989049026857,80,Urea,85,39.1,0.0,0.0,480.06126870329507,18000,25.5
103,wheat,sandy,257.43828501860514,6.082289769775203,135.50236234387472,0.5760660210747712,5.8526592621395475,0.516082678737852,303.2298798688109,1469.3007763461433,80,DAP,77,13.86,35.42,0.0,543.9671702504277,18000,34.65
104,maize,loam,242.47900727690836,37.96438868289823,176.34787139631877,0.4095629557193112,6.056500969635233,0.44241404190789907,568.9750287809187,1548.016006725369,80,Urea,89,40.940000000000005,0.0,0.0,1616.9862244141384,16000,26.7
105,wheat,loam,320.22716870054376,17.155652746871358,220.1526278235822,0.3692241510576854,6.853605841506191,0.4970298887260061,459.47837116399137,1367.7583062860263,100,Urea,77,35.42,0.0,0.0,785.1294442337932,18000,23.099999999999998
106,wheat,loam,246.4199370292968,29.702222107921266,229.1051817454792,0.81038917716146,6.86632003860779,0.3919283419891418,357.8635190316091,1000.3598630935785,100,DAP,77,13.86,35.42,0.0,620.4577273725099,18000,34.65
107,maize,loam,348.5834375230908,28.29491730666143,202.7101429104865,0.8800228949296435,6.574015879079844,0.232570227946137,392.7870677190386,1382.4221930798783,120,DAP,74,13.32,34.04,0.0,1474.930846241897,16000,33.300000000000004
108,rice,loam,263.82845762974637,24.794291701239285,242.92349381641253,0.7672078240796157,6.773607969028502,0.3082840194803964,596.911236442842,1800.681453436421,80,NPK_20_20_0,91,18.2,18.2,0.0,1832.7859502302156,20000,36.4
109,rice,clay,279.8982594827388,37.232243403700316,244.7211484393448,0.8282073311645128,6.752969918266862,0.49903534110375075,414.9059642104732,1588.6927683730735,100,NPK_20_20_0,85,17.0,17.0,0.0,1358.6504227528214,20000,34.0
110,wheat,loam,266.06786077251365,33.37536603388228,264.54845076234585,0.890706860302796,6.377921682354676,0.49640871682883575,468.94704889246407,1154.4784369726015,100,Urea,99,45.54,0.0,0.0,741.290180433877,18000,29.7
111,wheat,loam,176.54602196818956,22.806706983983688,146.37885586469932,1.0328869291985816,7.169057608223841,0.5586373880159017,200.0,1614.2801820747443,80,Urea,75,34.5,0.0,0.0,404.09338870244795,18000,22.5
112,rice,clay,235.3427338176921,30.19220829597311,226.78775169408078,0.6599768253589984,7.0448324325082305,0.5533978120849568,375.09042719440606,1263.4015339297755,100,NPK_20_20_0,67,13.4,13.4,0.0,895.3447914514152,20000,26.8
113,rice,sandy,79.17741173937551,15.735168601083892,214.97528234400846,0.8650267297263543,6.589708406415634,0.5820780376715357,572.940010833663,1652.3640825868217,120,DAP,92,16.56,42.32,0.0,1326.9414976722298,20000,41.4
114,wheat,sandy,195.15570851924628,8.723909460214445,131.32740216840872,0.7145350634863658,6.730848459062106,0.6347047483372732,402.2418613282565,1441.368770399305,120,NPK_20_20_0,84,16.8,16.8,0.0,629.2073993772773,18000,33.6
115,rice,loam,214.15668898212044,42.46943928071186,157.65442602411673,0.8126330918614347,6.664657892575888,0.43948257444077016,541.8764826917168,1220.8981195709805,80,NPK_20_20_0,70,14.0,14.0,0.0,1155.1267851019009,20000,28.0
116,wheat,sandy,199.01811005366594,24.41991963533718,158.95656536258645,1.072828085994769,6.562612251323953,0.35705944588747474,362.2297503032284,1508.6596058072776,100,NPK_20_20_0,134,26.8,26.8,0.0,757.7998718009175,18000,53.6
117,wheat,sandy,228.96450721524425,29.285459965577,131.48203738298562,0.5837160742509193,6.588255638081373,0.42654038283485374,200.0,1475.0143829365556,100,Urea,102,46.92,0.0,0.0,436.7968466268617,18000,30.599999999999998
118,wheat,clay,351.4419147706406,39.55835049523016,197.28979747303225,0.8864385302930811,5.928936728351913,0.37496812882670066,400.2799230966404,1327.897156655222,80,NPK_20_20_0,75,15.0,15.0,0.0,820.2668364435791,18000,30.0
119,maize,sandy,202.19057359895547,18.82398398697209,188.55516467179638,1.2421046003182703,6.221254107496083,0.26301970204209224,341.17179516487454,2315.941867530864,100,Urea,115,52.900000000000006,0.0,0.0,1050.0531599778715,16000,34.5
120,wheat,clay,269.10936603716925,50.17195506503649,288.3418547906755,0.7174950694965709,6.694980293014951,0.5204068018884884,418.1296174420471,1345.307150709035,80,NPK_20_20_0,71,14.200000000000001,14.200000000000001,0.0,853.7135480623618,18000,28.400000000000002
121,wheat,clay,270.67179602186405,33.419718194424256,189.63838211165407,0.8066917541984605,6.189090849746805,0.4701373064839223,453.10629139880535,1421.7085352056877,100,NPK_20_20_0,71,14.200000000000001,14.200000000000001,0.0,954.5212690711982,18000,28.400000000000002
122,maize,sandy,132.137238458661,18.487348246705015,144.25950622578353,0.6942675993325677,5.524440762575572,0.33710711088113077,267.50316230675145,1832.2879726575397,80,NPK_20_20_0,122,24.400000000000002,24.400000000000002,0.0,821.7428290876337,16000,48.800000000000004
123,rice,clay,308.4680412018039,23.69028402476016,215.550957546052,0.6192184717070421,6.132235028705117,0.5236093175210438,709.1310120594269,1521.8276241814353,100,NPK_20_20_0,74,14.8,14.8,0.0,1516.1789748954563,20000,29.6
124,maize,loam,253.64983779866787,36.24062543773266,203.00748350424743,1.0454100119940304,6.125410379685435,0.42253427536890675,297.25306763861437,1872.335317084731,100,Urea,95,43.7,0.0,0.0,1265.672890538028,16000,28.5
125,rice,clay,242.1625164831972,22.697221392569034,171.18730491136898,0.6562636149113441,7.155036547218926,0.4039163904361859,619.3330666952734,1380.7453383595807,100,DAP,103,18.54,47.38,0.0,1425.99849575068,20000,46.35
126,maize,sandy,212.56528204031903,19.987595953312777,134.60632472211498,0.8927944565846919,6.280706396871352,0.516630274723679,406.84410062561545,1919.9188226562987,100,DAP,101,18.18,46.46,0.0,1458.316881353252,16000,45.45
127,rice,sandy,226.82549217852016,12.812256145671702,151.12724629476514,0.7981762006711594,7.042947782915789,0.4474698232879953,597.4973041254856,1563.5532598400573,100,NPK_20_20_0,97,19.400000000000002,19.400000000000002,0.0,1290.611601293877,20000,38.800000000000004
128,maize,loam,275.51395052660354,37.98250174611222,197.57917910774765,0.5896610223800597,5.709371214540259,0.4036110175330128,374.18667015135406,1606.0952220960041,120,DAP,53,9.54,24.380000000000003,0.0,1539.8417415371428,16000,23.85
129,wheat,sandy,214.16497092200785,13.653744849330613,171.60450846732508,0.5435002757756955,6.016741487032504,0.44171904643825644,281.1333245037057,1387.4686087595112,120,DAP,103,18.54,47.38,0.0,620.0879180707151,18000,46.35
130,rice,clay,270.0753191641832,21.072145141053007,191.6349446039235,0.9708921253589389,6.774264929267387,0.3077567313988521,752.1172137764742,1669.6560131852798,80,Urea,76,34.96,0.0,0.0,1645.2770150470308,20000,22.8
131,rice,sandy,224.53181107113573,11.77677787429044,168.82410403100178,0.9460226713019471,6.283733869150491,0.5327078102013667,472.7175387938493,1669.0812381223345,120,Urea,111,51.06,0.0,0.0,1074.396214548978,20000,33.3
132,maize,clay,343.9321754863021,41.09758720633769,218.80438104390802,0.7651372589930504,6.304217596835098,0.3984806871230011,436.3100226170631,1640.7119637880842,100,Urea,95,43.7,0.0,0.0,1631.0560917725031,16000,28.5
133,wheat,loam,296.76190806998136,26.049835378012006,152.222409679772,0.9025687226158755,5.80602696971673,0.32377585378704177,348.98840885310887,1843.6842848229455,120,Urea,78,35.88,0.0,0.0,892.8417975616219,18000,23.4
134,maize,loam,304.57757121569983,34.26411263320911,240.4761324730698,0.8642104666664329,6.747297874160549,0.3883342790167729,396.5045461015182,1833.3305657127028,100,Urea,69,31.740000000000002,0.0,0.0,1676.544019170674,16000,20.7
135,rice,loam,245.58286704954526,37.37079682389197,256.42272020020636,1.0428958267814694,6.638271833446334,0.4799499253504148,535.9506565230815,1433.6790384950493,80,NPK_20_20_0,97,19.400000000000002,19.400000000000002,0.0,1343.6252619754955,20000,38.800000000000004
136,rice,loam,350.66936237633115,31.0922826486619,185.38713794751564,0.8369360611729817,5.826436855235151,0.3028385961489349,720.0413907944426,1268.6211442057208,120,NPK_20_20_0,68,13.600000000000001,13.600000000000001,0.0,1648.844886144375,20000,27.200000000000003
137,wheat,clay,362.2016974067431,17.374716313393105,188.08162089034224,0.7710538697428561,6.974254101858335,0.4034852876391766,281.6406199835077,1541.906715461475,80,NPK_20_20_0,57,11.4,11.4,0.0,608.4803410561607,18000,22.8
138,maize,clay,314.0589781134726,27.59503320180507,245.667497486186,1.0449254174452665,6.208321013886326,0.4038591940227033,495.56186900811167,2159.8543150038,120,NPK_20_20_0,127,25.400000000000002,25.400000000000002,0.0,2204.2082393677506,16000,50.800000000000004
139,wheat,sandy,211.49772239211063,12.733582952273554,140.45866212629332,0.6441972313932616,5.417177385797938,0.4974262222128808,298.85494444497687,1247.9199851333387,80,DAP,93,16.74,42.78,0.0,585.3353841417913,18000,41.85
140,wheat,sandy,139.37713605753862,29.083880130902163,136.00087491382334,0.9098949584997469,7.5644732778728,0.46886780236854264,387.249570979,1719.824467029875,120,NPK_20_20_0,87,17.400000000000002,17.400000000000002,0.0,814.1169532472692,18000,34.800000000000004
141,wheat,clay,316.31373354233426,35.242493259954735,216.22512999858475,0.7828213500564417,6.906344712821998,0.457791051379151,353.04788502656646,1101.612770705725,80,DAP,104,18.72,47.84,0.0,622.4410371736046,18000,46.800000000000004
142,rice,loam,283.0005296558559,41.48197621178029,206.5067999599013,0.6287386861113702,6.410695012726328,0.5017540916606753,620.6247545737863,1158.9716415591447,80,Urea,94,43.24,0.0,0.0,1288.103559511819,20000,28.2
143,maize,clay,257.22443210108736,30.033238245738858,233.5546062820697,0.9633743560040817,7.049952475458941,0.3141894455231807,393.31205346771935,2037.4088223437952,100,Urea,117,53.82,0.0,0.0,1543.1621350416788,16000,35.1
144,rice,clay,293.2991416663541,35.117505557833574,188.60406747671038,0.9296560867687719,6.439525925696109,0.4419532443907028,511.25078221979,1312.508339935318,120,DAP,88,15.84,40.480000000000004,0.0,948.7119869176572,20000,39.6
145,maize,clay,285.62044902749057,27.467283861194836,268.42958155756344,0.9238074396572588,6.270931506393133,0.3642282817730756,310.60186366975785,1717.6347691362162,80,DAP,98,17.64,45.080000000000005,0.0,1364.7766607625879,16000,44.1
146,wheat,sandy,310.7125761731138,17.631862181360816,155.05796091293848,0.6624125225072346,7.430657798618197,0.5886614646089411,513.0929181262941,1591.2880696695245,100,NPK_20_20_0,78,15.600000000000001,15.600000000000001,0.0,1015.1110720940768,18000,31.200000000000003
147,maize,loam,304.513725317213,18.632123511417767,218.20370947638582,0.6365149647957676,6.776636344475475,0.3506240057639544,200.0,1873.915520537497,100,Urea,82,37.72,0.0,0.0,738.6040542550437,16000,24.599999999999998
148,maize,sandy,195.86596570786503,19.026019932933732,210.53798972968525,0.9261623369109555,5.987906587835398,0.5854092566334188,472.1033695525353,1916.419540693723,120,Urea,119,54.74,0.0,0.0,1666.9338517393892,16000,35.699999999999996
149,maize,clay,317.8083438612421,35.38939870661461,240.4695067631602,0.6289338971221483,7.343493931512696,0.567393841812252,392.88123146206976,1839.4600839985703,120,Urea,107,49.22,0.0,0.0,1738.705051409367,16000,32.1
150,maize,clay,281.558488520373,38.21417026046859,212.3155578911424,1.0780999562481495,5.944293493932783,0.39483558448349154,370.5686374960684,1724.309189630708,100,NPK_20_20_0,97,19.400000000000002,19.400000000000002,0.0,1639.0413402198456,16000,38.800000000000004
151,maize,clay,276.7839827751267,32.231324662620736,249.13879649891737,0.765124993926938,6.340496166623588,0.3981683140557149,438.63301960615894,1661.4676884339794,100,NPK_20_20_0,110,22.0,22.0,0.0,1656.059980114861,16000,44.0
152,wheat,sandy,274.6344284479761,17.83101119165945,149.14530822606255,0.6505576641704354,5.287879869863529,0.488404539636105,423.6843897092433,1343.7344885763573,100,Urea,92,42.32,0.0,0.0,776.6718715360695,18000,27.599999999999998
153,wheat,clay,357.9895622644653,31.98468619668883,241.6985544600095,1.0508713737145425,6.704172582197389,0.39953005955598275,394.6000094667186,1259.3456954873054,80,NPK_20_20_0,57,11.4,11.4,0.0,914.2503706815144,18000,22.8
154,maize,sandy,203.99966902795717,22.783248930599083,117.66320701906452,0.7369470311516908,6.286621441558823,0.34581650123313584,413.29617515098266,1710.0847923549438,120,NPK_20_20_0,111,22.200000000000003,22.200000000000003,0.0,1374.4072428458696,16000,44.400000000000006
155,wheat,clay,275.401331543044,23.82696915369418,277.5416993804916,0.8419636257420084,7.58686918673412,0.494032162054088,405.13197247610424,1312.9591342766066,100,DAP,93,16.74,42.78,0.0,885.2215640972596,18000,41.85
156,wheat,sandy,81.85337822290808,11.9221543623205,174.7661704402079,1.2114990939423398,6.510396853837704,0.3271997058770866,331.710355889516,1674.975283829637,120,DAP,100,18.0,46.0,0.0,627.0793992576886,18000,45.0
157,wheat,loam,214.54831441676475,25.916511580584263,246.47735253824385,0.6463270105371857,5.776935983719919,0.4094993751356305,313.9526595795404,1502.2831001859906,80,DAP,117,21.06,53.82,0.0,771.325667086175,18000,52.65
158,rice,sandy,291.4296806532499,36.15172888895891,139.26126918833418,0.6606120509838858,6.119268917290525,0.248386417989678,548.1597100584478,1641.5330899512492,120,Urea,78,35.88,0.0,0.0,1655.8203417601178,20000,23.4
159,wheat,clay,305.66352052688825,23.493776173461065,256.7691573830081,0.6663711828922012,7.436648888108773,0.5080048065714649,305.2678104341249,1656.2032723470224,100,DAP,65,11.7,29.900000000000002,0.0,818.1944084748894,18000,29.25
160,maize,clay,349.1286731813889,40.250886958628385,253.35229356637458,0.7144488625906497,6.367226580990788,0.44834254881146035,295.34926054912455,1696.8565860133995,80,NPK_20_20_0,99,19.8,19.8,0.0,1509.763492705673,16000,39.6
161,wheat,clay,350.1749226776432,29.97666781921534,233.6047082561858,0.6915063866587609,5.971142175964973,0.39589845789965367,257.7487269622918,1634.7453995485178,100,Urea,83,38.18,0.0,0.0,632.923118567048,18000,24.9
162,wheat,sandy,174.89484979505602,24.469527728266204,161.7357582256761,0.7850070098321905,5.870634175368495,0.29908417106503704,377.67090439049844,1546.4281126970232,80,DAP,97,17.46,44.620000000000005,0.0,644.8731739078561,18000,43.65
163,wheat,sandy,175.08188039037768,27.941508311302336,171.8326869824806,0.6320238206978529,6.217357611800459,0.35892913408975835,283.728622813707,994.0652264520836,100,NPK_20_20_0,81,16.2,16.2,0.0,442.1322882380419,18000,32.4
164,maize,loam,329.1248181790101,34.10796381536812,217.17324087279607,0.8764882835638598,6.255452607040547,0.42973096456808424,257.6867389542152,1900.7636836880363,80,NPK_20_20_0,82,16.400000000000002,16.400000000000002,0.0,1351.674544303993,16000,32.800000000000004
165,wheat,clay,368.7933086591978,43.10036800843069,142.55538745285514,0.8251693939238715,7.014341305348196,0.26832511531779435,422.3610587228875,1533.4921563278624,80,DAP,79,14.219999999999999,36.34,0.0,1077.8683478916632,18000,35.550000000000004
166,rice,sandy,181.03350400808355,10.890656492232695,97.45338764110735,0.6841489534314307,6.024074762662688,0.3696383294692242,730.7578810759983,1324.5443588232622,120,Urea,90,41.4,0.0,0.0,988.0043172589681,20000,27.0
167,wheat,loam,266.5990165284507,31.52399743823253,228.3780726855616,0.7129027258860314,6.7565528990880415,0.3740453322416083,423.8810480887503,1523.0734968026106,80,DAP,101,18.18,46.46,0.0,954.9715665814012,18000,45.45
168,wheat,sandy,232.96902930934758,16.908186261984206,163.5805793527536,0.6708457298726863,6.044648088467634,0.4091864745648494,200.0,1340.7465112982236,120,DAP,101,18.18,46.46,0.0,464.81084510162924,18000,45.45
169,maize,loam,232.14488150961301,36.35506734383342,222.36637155612738,1.25057737644395,6.247584717577525,0.47950716168057844,200.0,1700.8283178526374,100,Urea,103,47.38,0.0,0.0,956.4973384916358,16000,30.9
170,wheat,sandy,153.63234329047128,21.90695186187828,189.0079051912972,0.9002188339879691,6.594790808299372,0.5001046092567142,200.0,1535.5750639061816,100,NPK_20_20_0,123,24.6,24.6,0.0,414.47464097788685,18000,49.2
171,maize,sandy,244.29015688008596,21.840076190102693,234.20809604832044,0.5773891145872576,7.1109002762594065,0.57495813052725,248.55811228320005,1956.5740487162693,120,DAP,95,17.099999999999998,43.7,0.0,1115.8617830316211,16000,42.75
172,wheat,loam,205.2000596592749,22.552950446452765,214.12829578031372,0.7960429369570069,6.188197282535397,0.24512370778767212,360.6178767822212,1306.0895641877335,120,DAP,88,15.84,40.480000000000004,0.0,637.729737965042,18000,39.6
173,rice,loam,179.6841268164083,29.33515541897044,139.8111850387599,0.9520111927379206,6.541219876467252,0.25424485005350694,569.0790922950137,1249.5687188818833,80,NPK_20_20_0,76,15.200000000000001,15.200000000000001,0.0,1011.0596967425181,20000,30.400000000000002
174,rice,loam,224.5772329985128,29.078616577840464,233.17299295712635,0.6836324336165959,6.924858378202305,0.34247102900972304,703.8239592865757,1417.2735134146847,120,NPK_20_20_0,92,18.400000000000002,18.400000000000002,0.0,1689.3455748128029,20000,36.800000000000004
175,wheat,loam,230.0444073898625,24.776825820707504,144.8919690753259,0.42840159167511915,6.915674633531627,0.3818521670420804,427.2021562003423,1706.264748915894,80,Urea,85,39.1,0.0,0.0,899.1688948423373,18000,25.5
176,wheat,loam,330.61103141277124,37.174714526924255,189.2587740837667,0.6217615549169425,5.4240922993353475,0.328084668075758,328.8869761172306,1202.5640945697633,80,NPK_20_20_0,88,17.6,17.6,0.0,622.9943505393745,18000,35.2
177,wheat,loam,311.3202571935192,39.25677108371167,247.0470042095968,0.4532032941165295,6.6033620236224975,0.4758938600121948,388.1538562589331,1527.3192651643658,120,Urea,85,39.1,0.0,0.0,1039.895619352537,18000,25.5
178,maize,clay,327.93848922803136,42.34036165331297,121.9037230627095,1.1115937698305849,6.406938826123915,0.3231313685929958,332.536214819007,1502.9955683438204,80,DAP,88,15.84,40.480000000000004,0.0,1275.9836543396962,16000,39.6
179,maize,clay,285.2011578297133,43.668848638641485,223.24251482774628,0.6390018678139424,6.631181190161831,0.5051194010986041,293.8114336452571,1534.2789560808874,120,DAP,68,12.24,31.28,0.0,1190.559162089376,16000,30.6
180,rice,clay,208.21711835689814,44.36996631457235,283.4258597154293,0.9559133454480764,6.006606977130227,0.5482022493615791,574.6745089974789,1157.1081438494678,80,Urea,90,41.4,0.0,0.0,1254.109259575836,20000,27.0
181,rice,loam,315.5154373059804,41.16547048631965,177.51327893686792,0.7581556252510945,5.6582809038895245,0.31941299335038115,696.4851633097458,1723.1165647096464,100,Urea,86,39.56,0.0,0.0,2192.050315158407,20000,25.8
182,wheat,loam,203.09113122861473,31.134888441659992,155.41009170700443,0.819535171112056,6.442856022199058,0.3842702574799097,335.14724476383674,1547.2778940369194,120,NPK_20_20_0,68,13.600000000000001,13.600000000000001,0.0,681.3890012910817,18000,27.200000000000003
183,wheat,loam,245.32829645415003,31.831859400488625,209.58306161452836,0.9807845501473712,5.73016674036334,0.25137229700497066,402.895793639252,992.2077445989169,80,NPK_20_20_0,130,26.0,26.0,0.0,502.83072697914065,18000,52.0
184,rice,clay,274.187895649542,29.587959028406914,202.66960466049827,1.003984915919395,6.771413279659512,0.4848766502606424,603.0495504753599,1135.5801360110286,120,NPK_20_20_0,57,11.4,11.4,0.0,1202.910669121989,20000,22.8
185,rice,clay,246.36284871300967,36.913974912889195,302.9633067899989,0.6161230816827153,5.234856238626835,0.37139957781198896,710.0959634998571,1791.6694908441189,100,NPK_20_20_0,116,23.200000000000003,23.200000000000003,0.0,2159.518019300602,20000,46.400000000000006
186,maize,sandy,204.23914323219793,19.322779665212575,170.95040869782719,0.8542842987601885,6.628981080790829,0.2980438368280114,200.0,2028.4320056505724,120,DAP,100,18.0,46.0,0.0,890.7073897640469,16000,45.0
187,rice,sandy,166.72572926548924,26.985355445547725,145.01528815239482,0.5654816782294515,6.493264089167421,0.4390522897565001,625.5273387413563,1609.1793430991738,100,DAP,148,26.64,68.08,0.0,1443.7191558892735,20000,66.60000000000001
188,maize,clay,209.25634778128878,50.491114420551284,249.6833187947734,0.8374839761046874,7.1813369311835284,0.31684980570439036,339.3405239085348,1991.0308233801647,120,NPK_20_20_0,127,25.400000000000002,25.400000000000002,0.0,1818.0345378942695,16000,50.800000000000004
189,rice,sandy,194.66743542818023,31.123419795251056,109.07088935426808,0.6411147893062639,5.948859839068425,0.3150080454311354,672.269600952262,1227.5295253873112,100,DAP,125,22.5,57.5,0.0,1256.484650867483,20000,56.25
190,maize,clay,347.5980181754901,43.80924609797829,203.60157984588906,0.6505843841396717,7.072694594273677,0.34684430627569435,260.5650087324597,1663.2080996401805,80,NPK_20_20_0,86,17.2,17.2,0.0,1214.158097002812,16000,34.4
191,maize,loam,219.31015615785617,31.514303153884445,218.66901870368415,0.8971924565854543,6.674586270155928,0.4671037012679806,327.7458164085602,1625.4969368816257,100,DAP,101,18.18,46.46,0.0,1262.4262640163904,16000,45.45
192,maize,clay,266.24108625128093,33.84385063427586,188.30320316000154,0.738407694072192,5.553192666523107,0.4213293707372939,350.12054753622243,1636.5822737863618,100,NPK_20_20_0,96,19.200000000000003,19.200000000000003,0.0,1214.550182768266,16000,38.400000000000006
193,wheat,sandy,222.3699673233396,13.955973323201963,105.9335233848239,0.927258633687722,6.360445762550153,0.502770440660569,271.10592312409295,1305.8342046972348,120,DAP,89,16.02,40.940000000000005,0.0,500.3527880917629,18000,40.050000000000004
194,maize,clay,222.96034787845667,33.93986656366483,223.15584386394033,0.8046277446196336,5.673540651080558,0.5203112646430805,264.53270550285833,1867.0074250524935,80,NPK_20_20_0,113,22.6,22.6,0.0,1241.7836898199853,16000,45.2
195,wheat,clay,365.0368652944008,33.50909544098412,302.086645920373,0.9636374272211814,5.238256264896061,0.5800658629963567,273.3013389864278,1193.1797621086139,120,NPK_20_20_0,92,18.400000000000002,18.400000000000002,0.0,696.9353816354101,18000,36.800000000000004
196,maize,clay,319.6207983589384,30.92829099434001,218.97702751232023,0.4461848190221764,6.152643434455471,0.35907175618868964,297.59116020654074,1830.4709744067443,80,DAP,82,14.76,37.72,0.0,1478.539187179951,16000,36.9
197,wheat,clay,347.7548189720738,26.737046171303568,185.66200238501256,1.0251175542080688,6.363512300040083,0.32224609601550225,422.8684797216916,1302.3606005535507,100,DAP,75,13.5,34.5,0.0,891.9206149977844,18000,33.75
198,wheat,loam,238.68695644131242,36.04842657662917,197.3780957287598,1.1963383612800058,7.284389302051425,0.26719037375662524,402.224368124801,1236.7192027797917,80,DAP,82,14.76,37.72,0.0,697.5087006236187,18000,36.9
199,rice,clay,319.1127469572459,28.568183410874106,309.6453827608292,0.7179437128058006,5.287392861063699,0.39698283333708656,592.6966520181197,1622.3437135048378,100,NPK_20_20_0,100,20.0,20.0,0.0,1885.5337011793645,20000,40.0
200,maize,loam,260.9958575302967,19.39123952762515,264.86400399065286,0.6756745651928194,6.9668919564361715,0.3674637121648585,433.75078724832395,2061.3748191750547,80,DAP,108,19.439999999999998,49.68,0.0,1870.6084609761333,16000,48.6
201,rice,loam,268.60843407360477,25.300017480226057,186.2635560164813,1.1929390095937817,6.095903207474789,0.4154317126636281,611.3469036715476,1337.8491056438402,80,Urea,88,40.480000000000004,0.0,0.0,1162.600072927068,20000,26.4
202,maize,clay,337.0412172710063,30.89429146822732,210.85600338639927,0.6011301250782976,5.218833170602345,0.38089722373998314,591.2615421612916,1956.9208575796047,80,NPK_20_20_0,97,19.400000000000002,19.400000000000002,0.0,2393.6035595152543,16000,38.800000000000004
203,rice,sandy,300.8953981916619,21.730535052548007,192.1444959697464,0.6553074382259425,6.560378403094734,0.5547570095028926,576.2304875310359,1438.4469528390462,100,Urea,55,25.3,0.0,0.0,1222.795696589208,20000,16.5
204,rice,loam,312.20269479310934,23.413126363372616,225.14863443201222,0.5547035820383021,7.385547949655277,0.5837606733064711,659.1021556559876,1798.2505203287042,120,NPK_20_20_0,90,18.0,18.0,0.0,2268.240049916996,20000,36.0
205,rice,clay,318.5606434028415,44.22590862836192,182.62593565685955,0.6667522551483546,6.656034798897484,0.41499316700633915,538.0065812595104,1881.4755167862438,120,DAP,94,16.919999999999998,43.24,0.0,2206.9040441821135,20000,42.300000000000004
206,wheat,sandy,306.32177944866044,23.46381346182185,183.6003930698243,1.1963158329630383,6.164581981633253,0.4629699852712584,426.8342949486146,1689.572287215349,80,NPK_20_20_0,102,20.400000000000002,20.400000000000002,0.0,1053.9150925230088,18000,40.800000000000004
207,wheat,loam,194.4271021531484,31.97203822745604,219.9288699398714,1.0280298077042533,7.290270343284186,0.29849058081721314,268.9142488789662,1148.4844282170768,100,Urea,92,42.32,0.0,0.0,379.7374199461051,18000,27.599999999999998
208,wheat,sandy,216.5032500406311,24.959410659166437,106.43679535408782,0.7688357051341794,6.518930957504475,0.45845726279495685,350.38030761231875,1074.7361292076832,80,Urea,95,43.7,0.0,0.0,473.1735497617755,18000,28.5
209,maize,sandy,134.62128080544994,21.533287133878265,241.55789958852827,0.48864733082425515,6.471196018142248,0.5123239324823821,380.1619247953597,1937.5933904232068,80,NPK_20_20_0,107,21.400000000000002,21.400000000000002,0.0,1364.3045806566408,16000,42.800000000000004
210,maize,sandy,120.09378240581262,23.697381328655542,230.9723849314741,0.5273651990814379,6.594853083805198,0.3338017822203391,392.58872061930356,1803.8295554831504,120,DAP,131,23.58,60.260000000000005,0.0,1443.8490894816573,16000,58.95
211,rice,clay,263.54604184486504,43.38330375304463,210.3635501962552,0.4908699720600083,6.781158310311629,0.4417263447858186,713.7706202714778,1469.9189998720594,80,Urea,101,46.46,0.0,0.0,1443.629826583582,20000,30.299999999999997
212,rice,clay,275.50249224197324,38.748846371996734,275.5057722823063,0.8132191119311546,6.077641769121953,0.3181913950389498,688.3861203453074,1356.4452835216227,80,DAP,81,14.58,37.260000000000005,0.0,1617.916603923245,20000,36.45
213,maize,loam,287.20959857499685,28.550206614255178,174.02507846714298,1.0642608064546024,7.209801502256819,0.3399576434261295,200.0,2001.5027379673845,100,Urea,67,30.82,0.0,0.0,1004.8515252662262,16000,20.099999999999998
214,rice,sandy,159.8013800596511,25.968704956317474,106.58175692415136,0.9416842085789164,7.341773249389225,0.3472878614584884,406.6558893214019,1737.758782661981,100,NPK_20_20_0,98,19.6,19.6,0.0,1068.6976192005463,20000,39.2
215,wheat,sandy,243.95881507172132,18.782400157138667,137.36165094217398,1.0206261412139481,6.830997783531653,0.4538977975701099,361.25157115881143,1596.6304421839718,80,DAP,71,12.78,32.660000000000004,0.0,798.6758059614885,18000,31.95
216,wheat,sandy,244.34436950486503,16.633905650551576,45.83144573491464,0.8397896293592989,6.718369275866754,0.4404294754961698,473.57821918221543,1185.7892640701903,100,NPK_20_20_0,91,18.2,18.2,0.0,665.6277580216675,18000,36.4
217,maize,clay,269.7754195609976,34.609523295157054,234.73934413347982,0.7640979074516977,6.976512073572618,0.17924362747097342,592.240553878994,1971.5549213990325,100,Urea,118,54.28,0.0,0.0,2124.6211953167153,16000,35.4
218,wheat,clay,270.8944203104786,30.295691372329,218.87638746367912,0.7559752639420061,6.203102338871838,0.3034242584393741,431.19403283952914,1667.5662041932235,80,Urea,83,38.18,0.0,0.0,1082.7604190020643,18000,24.9
219,wheat,loam,196.8851422416813,20.413732914022734,234.54386636986362,0.9159286458645295,6.269868299208339,0.286453910630187,495.973187503794,1055.9794898104365,80,DAP,77,13.86,35.42,0.0,582.0181685564294,18000,34.65
220,rice,clay,306.66286169306386,21.00623965591832,251.01117585181692,0.5209332547494409,5.379663106790126,0.3706203349859206,614.4594503296485,1498.2950127363881,120,NPK_20_20_0,77,15.4,15.4,0.0,1572.9490430782116,20000,30.8
221,maize,clay,399.7833744891982,59.87934844804289,244.2689223654473,0.7633606762559225,6.767252824240275,0.48876554258738364,317.93323744428085,2159.0422711824644,80,DAP,75,13.5,34.5,0.0,1951.4269995050272,16000,33.75
222,rice,clay,281.58873623794545,31.322154149006185,182.31736393750535,0.8908027603433535,6.655850901065609,0.3551231775511369,529.0621292442139,1775.2346826455423,80,NPK_20_20_0,83,16.6,16.6,0.0,1393.8587593435402,20000,33.2
223,rice,loam,128.24681551135882,31.15274438085983,184.03392828598552,0.8599701903541493,6.7430638450436575,0.5247895958107921,605.392042530578,1984.6711234638176,100,DAP,112,20.16,51.52,0.0,1663.4681798713711,20000,50.4
224,rice,sandy,200.35315793140882,14.717430884212423,177.9531368081014,0.884194588877878,6.7460094239964,0.347396515733242,384.6657080128756,1619.4305423507392,120,DAP,98,17.64,45.080000000000005,0.0,1096.8864142096554,20000,44.1
225,maize,loam,302.70643380094896,41.94866215447095,238.69950996954555,0.6878129571552507,6.108988067446281,0.4002761835883937,392.61195264046614,1763.3617308565756,100,Urea,94,43.24,0.0,0.0,1673.8754988600242,16000,28.2
226,maize,clay,249.87640341970527,26.18565441664085,269.9912280561443,0.49698093140886995,7.1088742428256,0.31315589707478514,281.47938021405946,1769.688908998004,120,NPK_20_20_0,89,17.8,17.8,0.0,1219.878722716236,16000,35.6
227,rice,loam,311.87860237420585,20.71303632222789,206.5897514985754,0.7918963299928417,6.850462857718552,0.4855153365482023,626.3839004248892,1327.92507068392,100,Urea,88,40.480000000000004,0.0,0.0,1272.7197308685577,20000,26.4
228,maize,loam,270.2457049479565,29.661314734414102,204.5238455128095,0.6121346524268121,6.521937481880358,0.43786662342514115,384.1127313439709,1542.4961947881402,80,Urea,80,36.800000000000004,0.0,0.0,1159.532832475567,16000,24.0
229,maize,clay,258.574228193125,29.69772416964507,150.10187661219737,0.7743916587450778,6.974223174930768,0.2714045226285174,358.7578218953589,1879.1871351253546,120,Urea,97,44.620000000000005,0.0,0.0,1330.353212831363,16000,29.099999999999998
230,maize,loam,229.94705749378068,44.96530700953975,204.5848603679996,0.6248200844567783,7.187266727345652,0.4955275476237449,450.76534926003967,1398.773959379521,80,DAP,114,20.52,52.440000000000005,0.0,1778.1298719342499,16000,51.300000000000004
231,wheat,clay,243.8727596877793,27.659977431885892,260.7064586737401,0.8542990621651296,6.775738137619761,0.4340589216400497,389.06959209281445,1134.7055743377834,100,Urea,83,38.18,0.0,0.0,610.3972054662783,18000,24.9
232,wheat,sandy,130.87700375269543,32.326286495957994,152.78192351028972,0.9445177003240212,6.878952698055506,0.5459107157301979,266.86005327325466,1539.5173200694358,100,DAP,91,16.38,41.86,0.0,555.0892459470034,18000,40.95
233,wheat,clay,315.8270163304316,36.51728701650737,155.78139641123815,0.7121988098257543,7.338731465156303,0.3507553925669482,351.58075441118393,1382.648849890211,80,NPK_20_20_0,111,22.200000000000003,22.200000000000003,0.0,782.1644430132362,18000,44.400000000000006
234,wheat,sandy,152.11458755551308,25.199692529231097,192.37922120693355,0.9024933032380774,6.462936446784978,0.37578507741760697,325.3690244633193,1539.5553802022425,100,DAP,111,19.98,51.06,0.0,785.9017136979843,18000,49.95
235,maize,loam,220.99733793149784,31.915236004283017,219.98740441211734,0.8944004541838549,6.537977633958044,0.47426824183597227,398.2248952680657,1552.4675155345403,80,NPK_20_20_0,118,23.6,23.6,0.0,1341.9015031551385,16000,47.2
236,maize,loam,181.19788681053228,27.283186924093062,176.1441912825806,1.0148535225819733,6.289802438819186,0.5362617026613368,383.0142615789073,1978.873577442475,100,Urea,84,38.64,0.0,0.0,1117.9901689191686,16000,25.2
237,maize,sandy,226.91620111984633,21.47398331155282,130.83795770552985,0.4452991332100774,6.154806686930662,0.40040930076754566,429.3169366793098,1796.692849950475,120,DAP,117,21.06,53.82,0.0,1556.1143278177694,16000,52.65
238,rice,clay,298.5645704893886,33.77009942138224,279.5090814263307,0.8170562635931478,6.904446460053005,0.45464637641476624,735.94114199614,1352.1752610994083,80,Urea,67,30.82,0.0,0.0,1530.3188301168589,20000,20.099999999999998
239,maize,clay,447.45472126543626,44.95743664589429,165.95702535167914,0.535508408651286,6.740933030859246,0.45472647973779673,404.88838353173645,1749.0088412892605,80,DAP,59,10.62,27.14,0.0,1762.597571216252,16000,26.55
240,maize,sandy,235.38182118542437,20.072305492098458,192.5950695716095,0.3719468242444042,5.799663004440719,0.4014332059844157,391.7673698483787,1969.3994175378916,80,DAP,94,16.919999999999998,43.24,0.0,1339.7222970275207,16000,42.300000000000004
241,maize,loam,239.35958692591976,29.701009121611097,185.3108403867802,0.43276510711350047,7.297367003658458,0.3361138472055627,327.7795337077099,1318.105135756342,80,NPK_20_20_0,115,23.0,23.0,0.0,1098.3238077088238,16000,46.0
242,rice,clay,237.71413117768077,35.43947288799879,191.6168058100331,0.5482990178649332,6.391491474787815,0.3691517211544181,842.6716486345522,1486.5919650721391,100,NPK_20_20_0,83,16.6,16.6,0.0,1744.9277494003709,20000,33.2
243,wheat,clay,256.66385126857733,25.193857465939182,237.94759073355627,1.1112098878954115,6.480497899690673,0.4222434136969928,403.63778526017035,1473.3131514386243,120,DAP,105,18.9,48.300000000000004,0.0,986.5341555639102,18000,47.25
244,maize,sandy,200.02227470937726,9.62265102492099,190.6091236666029,0.7517537867405297,6.774439421909478,0.6219201271961778,375.1836750623619,1616.6230616562875,80,DAP,92,16.56,42.32,0.0,1194.1934611363504,16000,41.4
245,wheat,loam,200.20923026048854,35.20908993458926,234.33804466626663,0.7530758860085173,6.519118997480014,0.2551408585366456,320.0323351993213,1389.959076591651,80,DAP,102,18.36,46.92,0.0,750.6023741026522,18000,45.9
246,rice,loam,296.8695574639893,28.213195672930116,229.04013730270674,0.6118710204718172,6.674906171274432,0.4577025826668453,705.109512069933,1564.1518607962612,80,NPK_20_20_0,89,17.8,17.8,0.0,1864.4196111773751,20000,35.6
247,rice,loam,145.70920705383557,28.505043225196808,190.44348632063884,1.0860311273119758,6.666863931780936,0.3702389037883305,590.9875259008988,1604.6771163254803,80,Urea,128,58.88,0.0,0.0,1220.8901634589195,20000,38.4
248,wheat,loam,183.09204656884384,29.302410809894806,226.54624111750698,0.8927333143361764,6.680339587846498,0.4034131981511578,428.65400269839193,817.2655115910055,100,NPK_20_20_0,69,13.8,13.8,0.0,479.70531836648104,18000,27.6
249,wheat,clay,268.23188055871856,25.48266672727711,195.02618441147104,0.7630949284688301,6.1976276677308935,0.1794433942900931,439.7066196887132,1654.9750082557443,120,DAP,85,15.299999999999999,39.1,0.0,1105.4724541194153,18000,38.25
250,rice,clay,315.78679494386785,37.445033843665236,277.84778661981574,0.5222216891653841,6.551969417074449,0.3420947452052746,743.5435785839352,958.1296788353312,80,NPK_20_20_0,102,20.400000000000002,20.400000000000002,0.0,1142.7376654151888,20000,40.800000000000004
251,wheat,sandy,233.4324930080296,12.655929902225564,213.12150028212395,0.5797719424044856,5.925422557880101,0.23901885463033135,301.1620178736998,1262.1044350432858,120,NPK_20_20_0,117,23.400000000000002,23.400000000000002,0.0,565.4150273910113,18000,46.800000000000004
252,wheat,loam,259.53177956325123,37.53048464613987,158.69904385889842,0.8795854099893619,7.404653174866555,0.37819541046076266,265.23660713809153,1269.5822222813879,120,DAP,94,16.919999999999998,43.24,0.0,496.71255615254506,18000,42.300000000000004
253,wheat,sandy,247.12842742680945,26.883648387377626,233.09519982364975,1.0842565965905,6.417114401199273,0.291825251270116,406.568707966939,1387.8537179229013,80,DAP,104,18.72,47.84,0.0,782.7506424556382,18000,46.800000000000004
254,maize,loam,254.91550961190512,29.57737596340185,143.11973900369867,1.0210121459605819,6.091299551546325,0.33904321711640173,248.66841644022742,1940.2372652140746,120,Urea,112,51.52,0.0,0.0,936.0732674112238,16000,33.6
255,maize,loam,277.6149968839762,35.005047469168005,172.129127262817,0.9164053134169454,6.630221131666778,0.3461158143807262,249.1445315923792,1407.4748616654842,80,DAP,71,12.78,32.660000000000004,0.0,918.4824095121697,16000,31.95
256,maize,loam,296.7696026899064,28.367253623875303,217.8215538611602,1.0222398713306562,6.686416495899316,0.4470514761760802,214.21775379624458,1735.4870431796046,120,DAP,99,17.82,45.54,0.0,1091.7163328365125,16000,44.550000000000004
257,wheat,loam,273.4633794904263,17.715423014343152,230.27154719947927,0.9224937588027206,5.991658435711751,0.3755919526325799,346.0692712372369,1373.1006431196536,120,DAP,84,15.12,38.64,0.0,712.426931500906,18000,37.800000000000004
258,rice,sandy,188.18819342510415,15.775729291493562,159.58355522896676,0.8968318237865907,6.11471604280691,0.3599264430812609,579.5378248735132,1400.962661475357,120,NPK_20_20_0,111,22.200000000000003,22.200000000000003,0.0,1166.1933166718215,20000,44.400000000000006
259,maize,sandy,281.6974091761824,34.038204358772674,220.7508713303768,0.7015712969607996,5.822990820750798,0.34468078165651134,420.3641615793175,1831.8317890664212,100,Urea,117,53.82,0.0,0.0,1563.0296829221334,16000,35.1
260,wheat,clay,274.37964564201513,52.760149875386105,207.95855559516386,0.3,6.439519094806639,0.5124625499115862,350.65104368008963,1543.0727893601268,120,NPK_20_20_0,80,16.0,16.0,0.0,956.465707760812,18000,32.0
261,wheat,sandy,210.1027308012823,25.21910972994853,156.29791699843065,0.7027286212900374,7.304194655678597,0.43549682547576657,314.49513556278487,1655.6658940637433,100,Urea,124,57.04,0.0,0.0,652.8856812198135,18000,37.199999999999996
262,wheat,sandy,183.2431109414274,22.738702675916972,212.16641682859097,0.9707951953104448,6.707432750180955,0.44632885301181063,354.3514668643466,1511.6279029037012,100,NPK_20_20_0,81,16.2,16.2,0.0,682.2265283020187,18000,32.4
263,wheat,sandy,117.26358617950012,24.310385270154097,156.0444174913923,0.9530552876729521,5.630467184447783,0.5112905667380931,269.25645985303856,1370.1989601272269,120,Urea,110,50.6,0.0,0.0,455.13382634936687,18000,33.0
264,rice,loam,271.43953199693624,27.271136779610263,193.34123487059085,0.8423757357303646,6.052221953226833,0.499600865938867,628.8653930807484,1414.9552535843936,120,Urea,79,36.34,0.0,0.0,1367.0466010532828,20000,23.7
265,wheat,clay,289.707028455983,29.02737322767809,212.92903347536873,0.4902763402272507,6.254423126428947,0.37151245066303296,324.382024750462,1351.7005108258443,120,DAP,79,14.219999999999999,36.34,0.0,672.6609848734178,18000,35.550000000000004
266,maize,clay,237.161932755218,39.68392594999693,163.40096512495808,0.540021144140735,6.925534607010307,0.5500571368962669,342.3903231388041,1556.5207762021469,100,DAP,84,15.12,38.64,0.0,1334.17143423409,16000,37.800000000000004
267,rice,sandy,128.6810538859296,26.250897778900082,116.1341500453455,0.7950685438537013,5.557116540622879,0.36061981315564934,481.4139452869797,935.6087165316378,80,NPK_20_20_0,114,22.8,22.8,0.0,520.6443795126448,20000,45.6
268,rice,clay,308.6980574842854,26.68741146886575,220.66197595636453,0.7295888784576128,7.552917412674244,0.3606878810800094,784.2651372883342,1517.390458236675,120,Urea,86,39.56,0.0,0.0,1748.413595786235,20000,25.8
269,maize,sandy,218.67405938660804,14.329719358027685,167.35523403600928,0.3,6.521466122607206,0.5344676120102133,359.4308578928966,2145.4965476061975,100,Urea,85,39.1,0.0,0.0,1246.1059065048419,16000,25.5
270,wheat,clay,195.16621507151024,41.9103345965573,184.30698439246214,0.880417651640588,5.854237199115899,0.4290852800176707,259.1349704258562,1256.990363406675,80,DAP,109,19.62,50.14,0.0,519.4389106978429,18000,49.050000000000004
271,rice,clay,369.089194872597,49.98416498860365,138.24694820311532,0.9864580170132559,6.15350790133425,0.48007480213232995,723.8237940646432,1224.6014810978895,80,DAP,67,12.059999999999999,30.82,0.0,1652.5153838593988,20000,30.150000000000002
272,rice,loam,194.88539250817882,35.450876083543584,216.3442923080707,0.7384383057722232,6.080707100776385,0.3113319077716543,653.481733634591,1645.7961004978124,80,Urea,85,39.1,0.0,0.0,1531.6075184212366,20000,25.5
273,rice,sandy,130.90023387034046,21.99921367294182,110.00988795647473,0.6432955631729236,6.850627779588364,0.418160906625351,642.9624940633674,1673.0297523784163,80,NPK_20_20_0,128,25.6,25.6,0.0,1311.676717677281,20000,51.2
274,wheat,clay,297.7628409618701,25.288466350740936,297.5677027639787,0.5197994323687832,7.085831155890276,0.36346640469875297,290.0633506159681,1177.9992856228146,120,Urea,95,43.7,0.0,0.0,536.3651540048545,18000,28.5
275,maize,clay,325.4134319837295,66.40990165149061,136.63548242005646,1.1449393299522217,6.356276240299822,0.42873289044030094,345.4487754698758,1715.1527333203912,80,NPK_20_20_0,84,16.8,16.8,0.0,1389.493257728066,16000,33.6
276,wheat,clay,306.55950451719417,35.69142813662748,255.24286294490452,1.111200114367841,7.456204704958399,0.4864154213470886,377.86191920659184,1114.533282096907,80,NPK_20_20_0,94,18.8,18.8,0.0,674.7113509937991,18000,37.6
277,maize,sandy,168.00040916112755,18.670228122318797,211.354197641287,0.8275689009761568,6.148635992043681,0.27953067171718876,400.54042734309974,1839.169049402137,120,NPK_20_20_0,133,26.6,26.6,0.0,1534.4896858867626,16000,53.2
278,rice,loam,293.45772962484483,26.355683791809035,164.43036687086703,0.9910601116475506,6.938023396264897,0.5472670675750982,539.601937403077,1354.0902689279305,120,DAP,85,15.299999999999999,39.1,0.0,1338.7510099874255,20000,38.25
279,rice,sandy,130.58049296141527,18.261730424505412,130.10929544310648,0.6718191301503835,5.991481665304276,0.4941257854794798,535.5613071201972,1001.010942837343,120,NPK_20_20_0,79,15.8,15.8,0.0,658.1349735333118,20000,31.6
280,wheat,loam,353.7818771082919,27.02182012571521,232.9899602628919,0.9632013697548847,6.932599304000638,0.4166661687057323,406.6085982744214,1539.802724002601,80,DAP,63,11.34,28.98,0.0,1105.4822104130299,18000,28.35
281,wheat,loam,296.60957821301923,28.10755770224843,245.42480588731777,0.5787412975176732,6.087742919236163,0.33914102767603,297.1022291935985,1188.6884714479495,80,DAP,87,15.66,40.02,0.0,600.0043593835636,18000,39.15
282,rice,loam,247.17301280091328,19.58208632786942,213.93157320399035,0.6535063085976691,6.887883608701588,0.5372061423949686,419.44427385829846,1674.7615654854208,100,DAP,86,15.479999999999999,39.56,0.0,1375.3719460439827,20000,38.7
283,wheat,clay,342.60894424040094,45.011651374514116,296.37674609173973,0.9619778643322234,6.3916317427978795,0.4859313791122973,396.67162340051823,1501.2733955052508,80,DAP,67,12.059999999999999,30.82,0.0,998.6827829084962,18000,30.150000000000002
284,rice,sandy,128.7708180134454,23.54228420257482,157.6285986686718,0.8532384496374541,6.943515511066453,0.5514782046194154,563.6288950912452,1495.4701279472947,120,NPK_20_20_0,108,21.6,21.6,0.0,1017.0562642140761,20000,43.2
285,maize,clay,316.70882086224486,33.75792760940201,143.68769768490438,0.6279229978440997,6.2931972332891775,0.588768765734019,405.6553124533758,1532.9036861800219,80,NPK_20_20_0,98,19.6,19.6,0.0,1394.8611465791705,16000,39.2
286,maize,clay,313.65995995110217,38.54558927932584,200.4643307673187,0.8840235996503947,6.54035331319337,0.336881023055662,378.2788696483677,1741.8578513293562,100,DAP,94,16.919999999999998,43.24,0.0,1901.0844961942623,16000,42.300000000000004
287,rice,loam,234.91093064751237,27.874289299108334,259.77004985025326,0.8872670376831017,6.142742733797131,0.4896974438620475,546.6695266572129,1445.1396275623047,120,NPK_20_20_0,84,16.8,16.8,0.0,1364.7862647777372,20000,33.6
288,maize,loam,125.58363232935052,24.734012701329213,218.1403485021787,0.6035411931490642,6.5294921107947985,0.4446872500802698,315.7450799142235,1834.0927541993142,120,Urea,138,63.480000000000004,0.0,0.0,1085.976966912403,16000,41.4
289,maize,sandy,203.8119113840787,18.56160443878774,101.0407173302732,0.9351393898788777,6.704725260962812,0.4168691325339433,338.3676960723742,1741.5360701323425,80,DAP,84,15.12,38.64,0.0,1131.0291160381817,16000,37.800000000000004
290,maize,sandy,185.57256520621476,13.729971831004573,219.39746303347232,0.6286455812346414,6.222226610256567,0.4204389031602977,229.7850473923911,1720.8638576487472,120,NPK_20_20_0,101,20.200000000000003,20.200000000000003,0.0,794.4092690779876,16000,40.400000000000006
291,rice,clay,392.5582970973354,36.288143084035646,208.60932089851215,0.6737030534629398,6.947024798662397,0.35032891760695917,594.97170256375,1272.1752955056072,120,DAP,93,16.74,42.78,0.0,1672.703781809035,20000,41.85
292,wheat,loam,323.222715613365,25.507296517013764,279.5942029335023,0.8701885009791415,7.313190202834316,0.34973803861682407,320.14032623903734,1454.805470534417,80,DAP,75,13.5,34.5,0.0,754.6858585159488,18000,33.75
293,wheat,loam,250.14052578430616,42.630268612898014,137.29168824696916,0.7171020548254862,5.63901351793364,0.4362318458735559,335.6041606211989,1440.5984225872155,120,DAP,108,19.439999999999998,49.68,0.0,775.555660329443,18000,48.6
294,maize,sandy,250.12082293360038,28.67780913739956,105.21777095646357,0.6521966259957704,6.725805341363128,0.3634462716241828,326.1393230743704,2057.312964434122,80,DAP,120,21.599999999999998,55.2,0.0,1375.8773214386913,16000,54.0
295,maize,loam,253.67172596205594,27.308970695116766,251.29453896462417,1.0175479686467495,6.721750860292262,0.28481316154132263,278.4978131969757,1594.284694898775,120,NPK_20_20_0,82,16.400000000000002,16.400000000000002,0.0,1079.1034484542895,16000,32.800000000000004
296,maize,clay,284.9570126429587,25.32418451664956,235.55914917408734,0.8502947217881025,6.4028654340107405,0.3244208499841637,454.8707126416564,2131.081422617659,100,NPK_20_20_0,95,19.0,19.0,0.0,1866.737205047255,16000,38.0
297,rice,sandy,146.07314637440015,12.840501171669079,111.070728986878,0.6072569864286351,6.3059510464501995,0.2611014863827542,530.8625502586065,1609.0269096768538,120,Urea,103,47.38,0.0,0.0,922.6476596697996,20000,30.9
298,wheat,sandy,217.21921086892675,19.405051209450285,80.64694582065327,0.8681905380443253,5.990246898807906,0.49344277832313077,325.8250361106553,1556.0140594782129,100,NPK_20_20_0,76,15.200000000000001,15.200000000000001,0.0,589.7582600167509,18000,30.400000000000002
299,maize,loam,215.0004103214085,21.460445235627585,185.1616792171378,0.7567143943448222,6.570892710230135,0.34960805286257374,249.23993053399687,1605.4158228017507,100,NPK_20_20_0,60,12.0,12.0,0.0,840.139173359395,16000,24.0
